{"cameraMode":{"drawMode":0,"name":"Shaded","section":"Shading Mode"},"sceneLighting":false,"audioPlay":false,"sceneViewState":{"m_AlwaysRefresh":false,"showFog":true,"showSkybox":false,"showFlares":true,"showImageEffects":true,"showParticleSystems":true,"showVisualEffectGraphs":true,"m_FxEnabled":true},"in2DMode":false,"pivot":{"x":-0.028525054454803468,"y":0.7799999713897705,"z":-0.028933584690093995},"rotation":{"x":0.26472207903862,"y":-0.12654468417167664,"z":0.03506466746330261,"w":0.955367922782898},"size":1.1854642629623414,"orthographic":false}