{"cameraMode":{"drawMode":0,"name":"Shaded","section":"Shading Mode"},"sceneLighting":true,"audioPlay":false,"sceneViewState":{"m_AlwaysRefresh":false,"showFog":true,"showSkybox":true,"showFlares":true,"showImageEffects":true,"showParticleSystems":true,"showVisualEffectGraphs":true,"m_FxEnabled":true},"in2DMode":false,"pivot":{"x":-0.03510969877243042,"y":1.1880394220352173,"z":0.13009116053581239},"rotation":{"x":0.16681843996047975,"y":0.8307079076766968,"z":-0.4093015193939209,"w":0.33853939175605776},"size":7.60727071762085,"orthographic":false}